车站编号,日期,时刻,进站量,出站量,客流量（进出）,环境温度,能耗值,hour,datetime,dayofweek,is_weekend,能耗值_lag1,能耗值_lag2,能耗值_rolling3_mean,能耗值_rolling3_std
仁济站-环线,2024-07-15,8:00-9:00,421,170,591,31,252,8,2024-07-15 08:00:00,0,0,247.0,170.0,223.0,45.967379738244816
仁济站-环线,2024-07-15,9:00-10:00,228,137,365,32,178,9,2024-07-15 09:00:00,0,0,252.0,247.0,225.66666666666666,41.35617648348712
仁济站-环线,2024-07-15,10:00-11:00,155,151,306,34,174,10,2024-07-15 10:00:00,0,0,178.0,252.0,201.33333333333334,43.92417709341102
仁济站-环线,2024-07-15,11:00-12:00,115,106,221,35,173,11,2024-07-15 11:00:00,0,0,174.0,178.0,175.0,2.6457513110645907
仁济站-环线,2024-07-15,12:00-13:00,143,94,237,36,173,12,2024-07-15 12:00:00,0,0,173.0,174.0,173.33333333333334,0.5773502691896278
仁济站-环线,2024-07-15,13:00-14:00,127,106,233,37,173,13,2024-07-15 13:00:00,0,0,173.0,173.0,173.0,0.0
仁济站-环线,2024-07-15,14:00-15:00,107,124,231,37,174,14,2024-07-15 14:00:00,0,0,173.0,173.0,173.33333333333334,0.5773502691896278
仁济站-环线,2024-07-15,15:00-16:00,120,114,234,37,173,15,2024-07-15 15:00:00,0,0,174.0,173.0,173.33333333333334,0.5773502691896278
仁济站-环线,2024-07-15,16:00-17:00,139,179,318,37,177,16,2024-07-15 16:00:00,0,0,173.0,174.0,174.66666666666666,2.0816659994661366
仁济站-环线,2024-07-15,17:00-18:00,215,282,497,36,249,17,2024-07-15 17:00:00,0,0,177.0,173.0,199.66666666666666,42.77070648625451
仁济站-环线,2024-07-15,18:00-19:00,116,467,583,35,253,18,2024-07-15 18:00:00,0,0,249.0,177.0,226.33333333333334,42.77070648625451
仁济站-环线,2024-07-15,19:00-20:00,69,240,309,35,175,19,2024-07-15 19:00:00,0,0,253.0,249.0,225.66666666666666,43.92417709341101
仁济站-环线,2024-07-15,20:00-21:00,43,134,177,33,106,20,2024-07-15 20:00:00,0,0,175.0,253.0,178.0,73.54590403278758
仁济站-环线,2024-07-15,21:00-22:00,29,124,153,31,105,21,2024-07-15 21:00:00,0,0,106.0,175.0,128.66666666666666,40.12895878705716
仁济站-环线,2024-07-15,22:00-23:00,22,101,123,29,103,22,2024-07-15 22:00:00,0,0,105.0,106.0,104.66666666666667,1.5275252316513435
仁济站-环线,2024-07-15,23:00-24:00,1,15,16,28,102,23,2024-07-15 23:00:00,0,0,103.0,105.0,103.33333333333333,1.5275252316513326
仁济站-环线,2024-07-16,6:00-7:00,189,10,199,29,108,6,2024-07-16 06:00:00,1,0,102.0,103.0,104.33333333333333,3.2145502536640276
仁济站-环线,2024-07-16,7:00-8:00,343,160,503,31,246,7,2024-07-16 07:00:00,1,0,108.0,102.0,152.0,81.46164741766519
仁济站-环线,2024-07-16,8:00-9:00,445,175,620,32,253,8,2024-07-16 08:00:00,1,0,246.0,108.0,202.33333333333334,81.77000264970847
仁济站-环线,2024-07-16,9:00-10:00,227,148,375,34,179,9,2024-07-16 09:00:00,1,0,253.0,246.0,226.0,40.85339643163096
仁济站-环线,2024-07-16,10:00-11:00,125,153,278,35,175,10,2024-07-16 10:00:00,1,0,179.0,253.0,202.33333333333334,43.92417709341099
仁济站-环线,2024-07-16,11:00-12:00,100,91,191,36,112,11,2024-07-16 11:00:00,1,0,175.0,179.0,155.33333333333334,37.5810235801705
仁济站-环线,2024-07-16,12:00-13:00,139,89,228,37,174,12,2024-07-16 12:00:00,1,0,112.0,175.0,153.66666666666666,36.08785575970581
仁济站-环线,2024-07-16,13:00-14:00,125,88,213,38,173,13,2024-07-16 13:00:00,1,0,174.0,112.0,153.0,35.510561809129385
仁济站-环线,2024-07-16,14:00-15:00,133,115,248,38,175,14,2024-07-16 14:00:00,1,0,173.0,174.0,174.0,0.9999999999990905
仁济站-环线,2024-07-16,15:00-16:00,115,152,267,38,176,15,2024-07-16 15:00:00,1,0,175.0,173.0,174.66666666666666,1.5275252316513543
仁济站-环线,2024-07-16,16:00-17:00,171,146,317,38,177,16,2024-07-16 16:00:00,1,0,176.0,175.0,176.0,0.9999999999991012
仁济站-环线,2024-07-16,17:00-18:00,243,265,508,39,252,17,2024-07-16 17:00:00,1,0,177.0,176.0,201.66666666666666,43.59281286328438
仁济站-环线,2024-07-16,18:00-19:00,123,439,562,38,254,18,2024-07-16 18:00:00,1,0,252.0,177.0,227.66666666666666,43.89001405027494
仁济站-环线,2024-07-16,19:00-20:00,78,261,339,37,177,19,2024-07-16 19:00:00,1,0,254.0,252.0,227.66666666666666,43.89001405027494
仁济站-环线,2024-07-16,20:00-21:00,64,176,240,36,173,20,2024-07-16 20:00:00,1,0,177.0,254.0,201.33333333333334,45.654499595695185
仁济站-环线,2024-07-16,21:00-22:00,30,149,179,34,107,21,2024-07-16 21:00:00,1,0,173.0,177.0,152.33333333333334,39.310727967481505
仁济站-环线,2024-07-16,22:00-23:00,18,94,112,32,105,22,2024-07-16 22:00:00,1,0,107.0,173.0,128.33333333333334,38.695391629150535
仁济站-环线,2024-07-16,23:00-24:00,2,13,15,29,103,23,2024-07-16 23:00:00,1,0,105.0,107.0,105.0,2.0000000000000657
仁济站-环线,2024-07-17,6:00-7:00,186,13,199,29,108,6,2024-07-17 06:00:00,2,0,103.0,105.0,105.33333333333333,2.5166114784236284
仁济站-环线,2024-07-17,7:00-8:00,375,153,528,30,248,7,2024-07-17 07:00:00,2,0,108.0,103.0,153.0,82.31038816577161
仁济站-环线,2024-07-17,8:00-9:00,421,162,583,31,252,8,2024-07-17 08:00:00,2,0,248.0,108.0,202.66666666666666,82.00812967830277
仁济站-环线,2024-07-17,9:00-10:00,223,132,355,32,175,9,2024-07-17 09:00:00,2,0,252.0,248.0,225.0,43.347433603386335
仁济站-环线,2024-07-17,10:00-11:00,150,160,310,33,173,10,2024-07-17 10:00:00,2,0,175.0,252.0,200.0,45.04442251822071
仁济站-环线,2024-07-17,11:00-12:00,108,107,215,34,172,11,2024-07-17 11:00:00,2,0,173.0,175.0,173.33333333333334,1.5275252316493666
仁济站-环线,2024-07-17,12:00-13:00,141,92,233,36,173,12,2024-07-17 12:00:00,2,0,172.0,173.0,172.66666666666666,0.5773502691828635
仁济站-环线,2024-07-17,13:00-14:00,123,88,211,37,173,13,2024-07-17 13:00:00,2,0,173.0,172.0,172.66666666666666,0.5773502691828635
仁济站-环线,2024-07-17,14:00-15:00,105,111,216,37,173,14,2024-07-17 14:00:00,2,0,173.0,173.0,173.0,0.0
仁济站-环线,2024-07-17,15:00-16:00,96,116,212,37,173,15,2024-07-17 15:00:00,2,0,173.0,173.0,173.0,0.0
仁济站-环线,2024-07-17,16:00-17:00,164,175,339,37,177,16,2024-07-17 16:00:00,2,0,173.0,173.0,174.33333333333334,2.3094010767567705
仁济站-环线,2024-07-17,17:00-18:00,188,315,503,37,250,17,2024-07-17 17:00:00,2,0,177.0,173.0,200.0,43.347433603386364
仁济站-环线,2024-07-17,18:00-19:00,107,445,552,36,252,18,2024-07-17 18:00:00,2,0,250.0,177.0,226.33333333333334,42.73562136360392
仁济站-环线,2024-07-17,19:00-20:00,76,243,319,35,176,19,2024-07-17 19:00:00,2,0,252.0,250.0,226.0,43.31281565541527
仁济站-环线,2024-07-17,20:00-21:00,58,155,213,34,172,20,2024-07-17 20:00:00,2,0,176.0,252.0,200.0,45.077710678338455
仁济站-环线,2024-07-17,21:00-22:00,43,150,193,32,110,21,2024-07-17 21:00:00,2,0,172.0,176.0,152.66666666666666,37.00450423034103
仁济站-环线,2024-07-17,22:00-23:00,26,105,131,30,104,22,2024-07-17 22:00:00,2,0,110.0,172.0,128.66666666666666,37.647487742654626
仁济站-环线,2024-07-17,23:00-24:00,0,12,12,29,103,23,2024-07-17 23:00:00,2,0,104.0,110.0,105.66666666666667,3.7859388972001775
仁济站-环线,2024-07-18,6:00-7:00,188,8,196,30,109,6,2024-07-18 06:00:00,3,0,103.0,104.0,105.33333333333333,3.214550253664318
仁济站-环线,2024-07-18,7:00-8:00,347,155,502,31,246,7,2024-07-18 07:00:00,3,0,109.0,103.0,152.66666666666666,80.88469158829331
仁济站-环线,2024-07-18,8:00-9:00,395,147,542,31,249,8,2024-07-18 08:00:00,3,0,246.0,109.0,201.33333333333334,79.9770800500576
仁济站-环线,2024-07-18,9:00-10:00,247,114,361,32,178,9,2024-07-18 09:00:00,3,0,249.0,246.0,224.33333333333334,40.15387071420783
仁济站-环线,2024-07-18,10:00-11:00,149,176,325,33,174,10,2024-07-18 10:00:00,3,0,178.0,249.0,200.33333333333334,42.193996413391794
仁济站-环线,2024-07-18,11:00-12:00,105,118,223,34,170,11,2024-07-18 11:00:00,3,0,174.0,178.0,174.0,3.9999999999986606
仁济站-环线,2024-07-18,12:00-13:00,128,92,220,35,173,12,2024-07-18 12:00:00,3,0,170.0,174.0,172.33333333333334,2.0816659994635978
仁济站-环线,2024-07-18,13:00-14:00,147,122,269,36,175,13,2024-07-18 13:00:00,3,0,173.0,170.0,172.66666666666666,2.5166114784214755
仁济站-环线,2024-07-18,14:00-15:00,93,147,240,36,173,14,2024-07-18 14:00:00,3,0,175.0,173.0,173.66666666666666,1.154700538374603
仁济站-环线,2024-07-18,15:00-16:00,117,117,234,36,173,15,2024-07-18 15:00:00,3,0,173.0,175.0,173.66666666666666,1.154700538374603
仁济站-环线,2024-07-18,16:00-17:00,146,173,319,35,176,16,2024-07-18 16:00:00,3,0,173.0,173.0,174.0,1.7320508075657741
仁济站-环线,2024-07-18,17:00-18:00,224,313,537,35,251,17,2024-07-18 17:00:00,3,0,176.0,173.0,200.0,44.19275958796856
仁济站-环线,2024-07-18,18:00-19:00,167,370,537,34,251,18,2024-07-18 18:00:00,3,0,251.0,176.0,226.0,43.301270189221746
仁济站-环线,2024-07-18,19:00-20:00,101,258,359,33,177,19,2024-07-18 19:00:00,3,0,251.0,251.0,226.33333333333334,42.723919920032124
仁济站-环线,2024-07-18,20:00-21:00,63,154,217,32,172,20,2024-07-18 20:00:00,3,0,177.0,251.0,200.0,44.23799272118919
仁济站-环线,2024-07-18,21:00-22:00,34,122,156,31,105,21,2024-07-18 21:00:00,3,0,172.0,177.0,151.33333333333334,40.20364825899915
仁济站-环线,2024-07-18,22:00-23:00,23,122,145,31,105,22,2024-07-18 22:00:00,3,0,105.0,172.0,127.33333333333333,38.682468035704865
仁济站-环线,2024-07-18,23:00-24:00,1,11,12,30,103,23,2024-07-18 23:00:00,3,0,105.0,105.0,104.33333333333333,1.1547005383782998
仁济站-环线,2024-07-19,6:00-7:00,191,12,203,30,171,6,2024-07-19 06:00:00,4,0,103.0,105.0,126.33333333333333,38.69539162915047
仁济站-环线,2024-07-19,7:00-8:00,345,142,487,32,246,7,2024-07-19 07:00:00,4,0,171.0,103.0,173.33333333333334,71.52854907890502
仁济站-环线,2024-07-19,8:00-9:00,428,160,588,33,253,8,2024-07-19 08:00:00,4,0,246.0,171.0,223.33333333333334,45.45693933090214
仁济站-环线,2024-07-19,9:00-10:00,216,180,396,34,180,9,2024-07-19 09:00:00,4,0,253.0,246.0,226.33333333333334,40.2781992315113
仁济站-环线,2024-07-19,10:00-11:00,131,133,264,35,175,10,2024-07-19 10:00:00,4,0,180.0,253.0,202.66666666666666,43.661577311559874
仁济站-环线,2024-07-19,11:00-12:00,123,123,246,36,173,11,2024-07-19 11:00:00,4,0,175.0,180.0,176.0,3.6055512754626227
仁济站-环线,2024-07-19,12:00-13:00,116,109,225,37,174,12,2024-07-19 12:00:00,4,0,173.0,175.0,174.0,0.9999999999951719
仁济站-环线,2024-07-19,13:00-14:00,155,117,272,37,176,13,2024-07-19 13:00:00,4,0,174.0,173.0,174.33333333333334,1.527525231648771
仁济站-环线,2024-07-19,14:00-15:00,159,130,289,37,176,14,2024-07-19 14:00:00,4,0,176.0,174.0,175.33333333333334,1.1547005383750015
仁济站-环线,2024-07-19,15:00-16:00,131,126,257,37,176,15,2024-07-19 15:00:00,4,0,176.0,176.0,176.0,0.0
仁济站-环线,2024-07-19,16:00-17:00,153,224,377,37,181,16,2024-07-19 16:00:00,4,0,176.0,176.0,177.66666666666666,2.886751345946379
仁济站-环线,2024-07-19,17:00-18:00,246,318,564,36,253,17,2024-07-19 17:00:00,4,0,181.0,176.0,203.33333333333334,43.08518693626988
仁济站-环线,2024-07-19,18:00-19:00,121,452,573,34,252,18,2024-07-19 18:00:00,4,0,253.0,181.0,228.66666666666666,41.28357219685958
仁济站-环线,2024-07-19,19:00-20:00,118,252,370,33,178,19,2024-07-19 19:00:00,4,0,252.0,253.0,227.66666666666666,43.01550108197413
仁济站-环线,2024-07-19,20:00-21:00,52,165,217,32,172,20,2024-07-19 20:00:00,4,0,178.0,252.0,200.66666666666666,44.557079497351715
仁济站-环线,2024-07-19,21:00-22:00,50,171,221,31,172,21,2024-07-19 21:00:00,4,0,172.0,178.0,174.0,3.4641016151364235
仁济站-环线,2024-07-19,22:00-23:00,24,130,154,30,104,22,2024-07-19 22:00:00,4,0,172.0,172.0,149.33333333333334,39.25981830489447
仁济站-环线,2024-07-19,23:00-24:00,2,15,17,30,103,23,2024-07-19 23:00:00,4,0,104.0,172.0,126.33333333333333,39.55165398985647
仁济站-环线,2024-07-20,6:00-7:00,127,6,133,29,104,6,2024-07-20 06:00:00,5,1,103.0,104.0,103.66666666666667,0.5773502691884289
仁济站-环线,2024-07-20,7:00-8:00,240,75,315,30,171,7,2024-07-20 07:00:00,5,1,104.0,103.0,126.0,38.974350539810104
仁济站-环线,2024-07-20,8:00-9:00,248,112,360,31,177,8,2024-07-20 08:00:00,5,1,171.0,104.0,150.66666666666666,40.52571200279307
仁济站-环线,2024-07-20,9:00-10:00,228,133,361,33,178,9,2024-07-20 09:00:00,5,1,177.0,171.0,175.33333333333334,3.7859388971988412
仁济站-环线,2024-07-20,10:00-11:00,197,143,340,34,176,10,2024-07-20 10:00:00,5,1,178.0,177.0,177.0,0.9999999999948246
仁济站-环线,2024-07-20,11:00-12:00,121,131,252,34,174,11,2024-07-20 11:00:00,5,1,176.0,178.0,176.0,1.9999999999974372
仁济站-环线,2024-07-20,12:00-13:00,138,116,254,35,174,12,2024-07-20 12:00:00,5,1,174.0,176.0,174.66666666666666,1.154700538374874
仁济站-环线,2024-07-20,13:00-14:00,169,128,297,35,175,13,2024-07-20 13:00:00,5,1,174.0,174.0,174.33333333333334,0.5773502691809119
仁济站-环线,2024-07-20,14:00-15:00,174,132,306,35,175,14,2024-07-20 14:00:00,5,1,175.0,174.0,174.66666666666666,0.5773502691808771
仁济站-环线,2024-07-20,15:00-16:00,142,150,292,35,175,15,2024-07-20 15:00:00,5,1,175.0,175.0,175.0,0.0
仁济站-环线,2024-07-20,16:00-17:00,145,186,331,36,176,16,2024-07-20 16:00:00,5,1,175.0,175.0,175.33333333333334,0.5773502691808073
仁济站-环线,2024-07-20,17:00-18:00,216,300,516,36,250,17,2024-07-20 17:00:00,5,1,176.0,175.0,200.33333333333334,43.015501081974165
仁济站-环线,2024-07-20,18:00-19:00,165,263,428,35,244,18,2024-07-20 18:00:00,5,1,250.0,176.0,223.33333333333334,41.10150037812875
仁济站-环线,2024-07-20,19:00-20:00,84,194,278,34,175,19,2024-07-20 19:00:00,5,1,244.0,250.0,223.0,41.67733196834922
仁济站-环线,2024-07-20,20:00-21:00,83,164,247,33,172,20,2024-07-20 20:00:00,5,1,175.0,244.0,197.0,40.73082370883244
仁济站-环线,2024-07-20,21:00-22:00,60,137,197,31,110,21,2024-07-20 21:00:00,5,1,172.0,175.0,152.33333333333334,36.692415201691546
仁济站-环线,2024-07-20,22:00-23:00,46,134,180,30,105,22,2024-07-20 22:00:00,5,1,110.0,172.0,129.0,37.32291521304296
仁济站-环线,2024-07-20,23:00-24:00,2,12,14,29,103,23,2024-07-20 23:00:00,5,1,105.0,110.0,106.0,3.605551275463408
仁济站-环线,2024-07-21,6:00-7:00,120,6,126,30,104,6,2024-07-21 06:00:00,6,1,103.0,105.0,104.0,0.9999999999979892
仁济站-环线,2024-07-21,7:00-8:00,164,59,223,32,172,7,2024-07-21 07:00:00,6,1,104.0,103.0,126.33333333333333,39.55165398985645
仁济站-环线,2024-07-21,8:00-9:00,223,80,303,33,173,8,2024-07-21 08:00:00,6,1,172.0,104.0,149.66666666666666,39.55165398985643
仁济站-环线,2024-07-21,9:00-10:00,200,95,295,34,174,9,2024-07-21 09:00:00,6,1,173.0,172.0,173.0,0.9999999999957758
仁济站-环线,2024-07-21,10:00-11:00,204,128,332,35,176,10,2024-07-21 10:00:00,6,1,174.0,173.0,174.33333333333334,1.527525231649134
仁济站-环线,2024-07-21,11:00-12:00,123,109,232,38,174,11,2024-07-21 11:00:00,6,1,176.0,174.0,174.66666666666666,1.1547005383755162
仁济站-环线,2024-07-21,12:00-13:00,152,110,262,39,176,12,2024-07-21 12:00:00,6,1,174.0,176.0,175.33333333333334,1.1547005383754814
仁济站-环线,2024-07-21,13:00-14:00,207,150,357,39,178,13,2024-07-21 13:00:00,6,1,176.0,174.0,176.0,1.999999999997808
仁济站-环线,2024-07-21,14:00-15:00,178,129,307,39,174,14,2024-07-21 14:00:00,6,1,178.0,176.0,176.0,1.999999999997808
仁济站-环线,2024-07-21,15:00-16:00,161,148,309,39,174,15,2024-07-21 15:00:00,6,1,174.0,178.0,175.33333333333334,2.3094010767566213
仁济站-环线,2024-07-21,16:00-17:00,188,179,367,39,183,16,2024-07-21 16:00:00,6,1,174.0,174.0,177.0,5.196152422705781
仁济站-环线,2024-07-21,17:00-18:00,190,185,375,38,182,17,2024-07-21 17:00:00,6,1,183.0,174.0,179.66666666666666,4.932882862315321
仁济站-环线,2024-07-21,18:00-19:00,111,213,324,36,176,18,2024-07-21 18:00:00,6,1,182.0,183.0,180.33333333333334,3.7859388971989603
仁济站-环线,2024-07-21,19:00-20:00,93,172,265,35,175,19,2024-07-21 19:00:00,6,1,176.0,182.0,177.66666666666666,3.785938897199003
仁济站-环线,2024-07-21,20:00-21:00,63,148,211,34,172,20,2024-07-21 20:00:00,6,1,175.0,176.0,174.33333333333334,2.0816659994640854
仁济站-环线,2024-07-21,21:00-22:00,23,125,148,32,106,21,2024-07-21 21:00:00,6,1,172.0,175.0,151.0,38.99999999999992
仁济站-环线,2024-07-21,22:00-23:00,22,106,128,31,105,22,2024-07-21 22:00:00,6,1,106.0,172.0,127.66666666666667,38.397048497681816
仁济站-环线,2024-07-21,23:00-24:00,3,16,19,30,103,23,2024-07-21 23:00:00,6,1,105.0,106.0,104.66666666666667,1.5275252316515293
图书馆站-环线,2024-07-15,8:00-9:00,1189,1457,2646,31,251,8,2024-07-15 08:00:00,0,0,246.0,103.0,200.0,84.04165633779478
图书馆站-环线,2024-07-15,9:00-10:00,769,1094,1863,32,182,9,2024-07-15 09:00:00,0,0,251.0,246.0,226.33333333333334,38.47510017314229
图书馆站-环线,2024-07-15,10:00-11:00,832,625,1457,34,175,10,2024-07-15 10:00:00,0,0,182.0,251.0,202.66666666666666,42.00396806652121
图书馆站-环线,2024-07-15,11:00-12:00,778,500,1278,35,173,11,2024-07-15 11:00:00,0,0,175.0,182.0,176.66666666666666,4.725815626252581
图书馆站-环线,2024-07-15,12:00-13:00,782,505,1287,36,173,12,2024-07-15 12:00:00,0,0,173.0,175.0,173.66666666666666,1.1547005383791233
图书馆站-环线,2024-07-15,13:00-14:00,666,680,1346,37,175,13,2024-07-15 13:00:00,0,0,173.0,173.0,173.66666666666666,1.1547005383791233
图书馆站-环线,2024-07-15,14:00-15:00,705,692,1397,37,175,14,2024-07-15 14:00:00,0,0,175.0,173.0,174.33333333333334,1.1547005383791233
图书馆站-环线,2024-07-15,15:00-16:00,832,536,1368,37,175,15,2024-07-15 15:00:00,0,0,175.0,175.0,175.0,0.0
图书馆站-环线,2024-07-15,16:00-17:00,903,594,1497,37,176,16,2024-07-15 16:00:00,0,0,175.0,175.0,175.33333333333334,0.5773502691893571
图书馆站-环线,2024-07-15,17:00-18:00,1132,862,1994,36,249,17,2024-07-15 17:00:00,0,0,176.0,175.0,200.0,42.43819034784589
图书馆站-环线,2024-07-15,18:00-19:00,811,1169,1980,35,248,18,2024-07-15 18:00:00,0,0,249.0,176.0,224.33333333333334,41.86088070422471
图书馆站-环线,2024-07-15,19:00-20:00,483,641,1124,35,173,19,2024-07-15 19:00:00,0,0,248.0,249.0,223.33333333333334,43.592812863284394
图书馆站-环线,2024-07-15,20:00-21:00,427,464,891,33,112,20,2024-07-15 20:00:00,0,0,173.0,248.0,177.66666666666666,68.11999217067874
图书馆站-环线,2024-07-15,21:00-22:00,381,415,796,31,106,21,2024-07-15 21:00:00,0,0,112.0,173.0,130.33333333333334,37.07200201409863
图书馆站-环线,2024-07-15,22:00-23:00,115,243,358,29,104,22,2024-07-15 22:00:00,0,0,106.0,112.0,107.33333333333333,4.163331998932244
图书馆站-环线,2024-07-15,23:00-24:00,10,82,92,28,102,23,2024-07-15 23:00:00,0,0,104.0,106.0,104.0,1.9999999999999796
图书馆站-环线,2024-07-16,6:00-7:00,303,84,387,29,104,6,2024-07-16 06:00:00,1,0,102.0,104.0,103.33333333333333,1.1547005383792284
图书馆站-环线,2024-07-16,7:00-8:00,948,1189,2137,31,248,7,2024-07-16 07:00:00,1,0,104.0,102.0,151.33333333333334,83.72176140844942
图书馆站-环线,2024-07-16,8:00-9:00,1117,1492,2609,32,251,8,2024-07-16 08:00:00,1,0,248.0,104.0,201.0,84.01785524517986
图书馆站-环线,2024-07-16,9:00-10:00,851,1110,1961,34,246,9,2024-07-16 09:00:00,1,0,251.0,248.0,248.33333333333334,2.5166114784230444
图书馆站-环线,2024-07-16,10:00-11:00,797,707,1504,35,175,10,2024-07-16 10:00:00,1,0,246.0,251.0,224.0,42.508822613664535
图书馆站-环线,2024-07-16,11:00-12:00,769,580,1349,36,174,11,2024-07-16 11:00:00,1,0,175.0,246.0,198.33333333333334,41.283572196859744
图书馆站-环线,2024-07-16,12:00-13:00,703,526,1229,37,175,12,2024-07-16 12:00:00,1,0,174.0,175.0,174.66666666666666,0.5773502691876587
图书馆站-环线,2024-07-16,13:00-14:00,597,691,1288,38,175,13,2024-07-16 13:00:00,1,0,175.0,174.0,174.66666666666666,0.5773502691876587
图书馆站-环线,2024-07-16,14:00-15:00,707,605,1312,38,175,14,2024-07-16 14:00:00,1,0,175.0,175.0,175.0,0.0
图书馆站-环线,2024-07-16,15:00-16:00,788,487,1275,38,175,15,2024-07-16 15:00:00,1,0,175.0,175.0,175.0,0.0
图书馆站-环线,2024-07-16,16:00-17:00,932,606,1538,38,179,16,2024-07-16 16:00:00,1,0,175.0,175.0,176.33333333333334,2.309401076758008
图书馆站-环线,2024-07-16,17:00-18:00,1070,856,1926,39,248,17,2024-07-16 17:00:00,1,0,179.0,175.0,200.66666666666666,41.040630274562446
图书馆站-环线,2024-07-16,18:00-19:00,864,1140,2004,38,250,18,2024-07-16 18:00:00,1,0,248.0,179.0,225.66666666666666,40.42688874169433
图书馆站-环线,2024-07-16,19:00-20:00,498,599,1097,37,174,19,2024-07-16 19:00:00,1,0,250.0,248.0,224.0,43.31281565541541
图书馆站-环线,2024-07-16,20:00-21:00,404,442,846,36,112,20,2024-07-16 20:00:00,1,0,174.0,250.0,178.66666666666666,69.11825615084145
图书馆站-环线,2024-07-16,21:00-22:00,378,425,803,34,110,21,2024-07-16 21:00:00,1,0,112.0,174.0,132.0,36.38681079732048
图书馆站-环线,2024-07-16,22:00-23:00,113,215,328,32,104,22,2024-07-16 22:00:00,1,0,110.0,112.0,108.66666666666667,4.163331998932049
图书馆站-环线,2024-07-16,23:00-24:00,8,96,104,29,102,23,2024-07-16 23:00:00,1,0,104.0,110.0,105.33333333333333,4.163331998932049
图书馆站-环线,2024-07-17,6:00-7:00,317,90,407,29,104,6,2024-07-17 06:00:00,2,0,102.0,104.0,103.33333333333333,1.154700538378465
图书馆站-环线,2024-07-17,7:00-8:00,922,1111,2033,30,246,7,2024-07-17 07:00:00,2,0,104.0,102.0,150.66666666666666,82.56714439371954
图书馆站-环线,2024-07-17,8:00-9:00,1199,1627,2826,31,254,8,2024-07-17 08:00:00,2,0,246.0,104.0,201.33333333333334,84.3879928267839
图书馆站-环线,2024-07-17,9:00-10:00,743,1233,1976,32,245,9,2024-07-17 09:00:00,2,0,254.0,246.0,248.33333333333334,4.932882862316065
图书馆站-环线,2024-07-17,10:00-11:00,757,689,1446,33,173,10,2024-07-17 10:00:00,2,0,245.0,254.0,224.0,44.3959457608462
图书馆站-环线,2024-07-17,11:00-12:00,883,497,1380,34,173,11,2024-07-17 11:00:00,2,0,173.0,245.0,197.0,41.569219381653035
图书馆站-环线,2024-07-17,12:00-13:00,694,493,1187,36,171,12,2024-07-17 12:00:00,2,0,173.0,173.0,172.33333333333334,1.154700538378468
图书馆站-环线,2024-07-17,13:00-14:00,625,660,1285,37,175,13,2024-07-17 13:00:00,2,0,171.0,173.0,173.0,1.9999999999995488
图书馆站-环线,2024-07-17,14:00-15:00,738,576,1314,37,175,14,2024-07-17 14:00:00,2,0,175.0,171.0,173.66666666666666,2.3094010767581143
图书馆站-环线,2024-07-17,15:00-16:00,847,545,1392,37,175,15,2024-07-17 15:00:00,2,0,175.0,175.0,175.0,0.0
图书馆站-环线,2024-07-17,16:00-17:00,882,569,1451,37,176,16,2024-07-17 16:00:00,2,0,175.0,175.0,175.33333333333334,0.5773502691880833
图书馆站-环线,2024-07-17,17:00-18:00,1093,846,1939,37,246,17,2024-07-17 17:00:00,2,0,176.0,175.0,199.0,40.70626487409522
图书馆站-环线,2024-07-17,18:00-19:00,877,1060,1937,36,246,18,2024-07-17 18:00:00,2,0,246.0,176.0,222.66666666666666,40.41451884327378
图书馆站-环线,2024-07-17,19:00-20:00,505,641,1146,35,173,19,2024-07-17 19:00:00,2,0,246.0,246.0,221.66666666666666,42.14656965084266
图书馆站-环线,2024-07-17,20:00-21:00,448,452,900,34,112,20,2024-07-17 20:00:00,2,0,173.0,246.0,177.0,67.08949247087801
图书馆站-环线,2024-07-17,21:00-22:00,360,451,811,32,109,21,2024-07-17 21:00:00,2,0,112.0,173.0,131.33333333333334,36.11555528208491
图书馆站-环线,2024-07-17,22:00-23:00,105,194,299,30,103,22,2024-07-17 22:00:00,2,0,109.0,112.0,108.0,4.582575694955725
图书馆站-环线,2024-07-17,23:00-24:00,13,88,101,29,102,23,2024-07-17 23:00:00,2,0,103.0,109.0,104.66666666666667,3.7859388972000674
图书馆站-环线,2024-07-18,6:00-7:00,312,88,400,30,105,6,2024-07-18 06:00:00,3,0,102.0,103.0,103.33333333333333,1.5275252316516845
图书馆站-环线,2024-07-18,7:00-8:00,948,1097,2045,31,247,7,2024-07-18 07:00:00,3,0,105.0,102.0,151.33333333333334,82.86334131166406
图书馆站-环线,2024-07-18,8:00-9:00,1115,1405,2520,31,251,8,2024-07-18 08:00:00,3,0,247.0,105.0,201.0,83.16249154516714
图书馆站-环线,2024-07-18,9:00-10:00,815,1092,1907,32,244,9,2024-07-18 09:00:00,3,0,251.0,247.0,247.33333333333334,3.511884584283732
图书馆站-环线,2024-07-18,10:00-11:00,783,684,1467,33,173,10,2024-07-18 10:00:00,3,0,244.0,251.0,222.66666666666666,43.1547602627257
图书馆站-环线,2024-07-18,11:00-12:00,793,539,1332,34,173,11,2024-07-18 11:00:00,3,0,173.0,244.0,196.66666666666666,40.99186911246338
图书馆站-环线,2024-07-18,12:00-13:00,735,509,1244,35,173,12,2024-07-18 12:00:00,3,0,173.0,173.0,173.0,0.0
图书馆站-环线,2024-07-18,13:00-14:00,655,665,1320,36,174,13,2024-07-18 13:00:00,3,0,173.0,173.0,173.33333333333334,0.5773502691854865
图书馆站-环线,2024-07-18,14:00-15:00,744,614,1358,36,174,14,2024-07-18 14:00:00,3,0,174.0,173.0,173.66666666666666,0.5773502691854865
图书馆站-环线,2024-07-18,15:00-16:00,821,496,1317,36,174,15,2024-07-18 15:00:00,3,0,174.0,174.0,174.0,0.0
图书馆站-环线,2024-07-18,16:00-17:00,867,633,1500,35,175,16,2024-07-18 16:00:00,3,0,174.0,174.0,174.33333333333334,0.5773502691854865
图书馆站-环线,2024-07-18,17:00-18:00,1101,823,1924,35,248,17,2024-07-18 17:00:00,3,0,175.0,174.0,199.0,42.43819034784583
图书馆站-环线,2024-07-18,18:00-19:00,933,1123,2056,34,248,18,2024-07-18 18:00:00,3,0,248.0,175.0,223.66666666666666,42.14656965084263
图书馆站-环线,2024-07-18,19:00-20:00,521,657,1178,33,171,19,2024-07-18 19:00:00,3,0,248.0,248.0,222.33333333333334,44.45597072760114
图书馆站-环线,2024-07-18,20:00-21:00,422,493,915,32,111,20,2024-07-18 20:00:00,3,0,171.0,248.0,176.66666666666666,68.67556576638688
图书馆站-环线,2024-07-18,21:00-22:00,377,500,877,31,108,21,2024-07-18 21:00:00,3,0,111.0,171.0,130.0,35.53871128783366
图书馆站-环线,2024-07-18,22:00-23:00,133,249,382,31,104,22,2024-07-18 22:00:00,3,0,108.0,111.0,107.66666666666667,3.511884584283601
图书馆站-环线,2024-07-18,23:00-24:00,11,88,99,30,102,23,2024-07-18 23:00:00,3,0,104.0,108.0,104.66666666666667,3.0550504633031546
图书馆站-环线,2024-07-19,6:00-7:00,301,99,400,30,105,6,2024-07-19 06:00:00,4,0,102.0,104.0,103.66666666666667,1.5275252316504717
图书馆站-环线,2024-07-19,7:00-8:00,964,1060,2024,32,247,7,2024-07-19 07:00:00,4,0,105.0,102.0,151.33333333333334,82.86334131166404
图书馆站-环线,2024-07-19,8:00-9:00,1154,1362,2516,33,252,8,2024-07-19 08:00:00,4,0,247.0,105.0,201.33333333333334,83.46456333878065
图书馆站-环线,2024-07-19,9:00-10:00,778,1042,1820,34,182,9,2024-07-19 09:00:00,4,0,252.0,247.0,227.0,39.05124837953319
图书馆站-环线,2024-07-19,10:00-11:00,746,612,1358,35,174,10,2024-07-19 10:00:00,4,0,182.0,252.0,202.66666666666666,42.91076011134418
图书馆站-环线,2024-07-19,11:00-12:00,758,496,1254,36,173,11,2024-07-19 11:00:00,4,0,174.0,182.0,176.33333333333334,4.932882862315536
图书馆站-环线,2024-07-19,12:00-13:00,756,503,1259,37,175,12,2024-07-19 12:00:00,4,0,173.0,174.0,174.0,0.9999999999965077
图书馆站-环线,2024-07-19,13:00-14:00,637,636,1273,37,175,13,2024-07-19 13:00:00,4,0,175.0,173.0,174.33333333333334,1.154700538376225
图书馆站-环线,2024-07-19,14:00-15:00,784,617,1401,37,175,14,2024-07-19 14:00:00,4,0,175.0,175.0,175.0,0.0
图书馆站-环线,2024-07-19,15:00-16:00,812,631,1443,37,176,15,2024-07-19 15:00:00,4,0,175.0,175.0,175.33333333333334,0.5773502691835605
图书馆站-环线,2024-07-19,16:00-17:00,1360,755,2115,37,250,16,2024-07-19 16:00:00,4,0,176.0,175.0,200.33333333333334,43.01550108197423
图书馆站-环线,2024-07-19,17:00-18:00,1342,1043,2385,36,250,17,2024-07-19 17:00:00,4,0,250.0,176.0,225.33333333333334,42.723919920032216
图书馆站-环线,2024-07-19,18:00-19:00,1035,1299,2334,34,249,18,2024-07-19 18:00:00,4,0,250.0,250.0,249.66666666666666,0.5773502691827298
图书馆站-环线,2024-07-19,19:00-20:00,587,701,1288,33,171,19,2024-07-19 19:00:00,4,0,249.0,250.0,223.33333333333334,45.32475409015834
图书馆站-环线,2024-07-19,20:00-21:00,419,512,931,32,111,20,2024-07-19 20:00:00,4,0,171.0,249.0,177.0,69.19537556802473
图书馆站-环线,2024-07-19,21:00-22:00,251,536,787,31,106,21,2024-07-19 21:00:00,4,0,111.0,171.0,129.33333333333334,36.17089069035108
图书馆站-环线,2024-07-19,22:00-23:00,124,339,463,30,105,22,2024-07-19 22:00:00,4,0,106.0,111.0,107.33333333333333,3.214550253663298
图书馆站-环线,2024-07-19,23:00-24:00,13,140,153,30,103,23,2024-07-19 23:00:00,4,0,105.0,106.0,104.66666666666667,1.5275252316498227
图书馆站-环线,2024-07-20,6:00-7:00,148,36,184,29,102,6,2024-07-20 06:00:00,5,1,103.0,105.0,103.33333333333333,1.5275252316498227
图书馆站-环线,2024-07-20,7:00-8:00,449,448,897,30,110,7,2024-07-20 07:00:00,5,1,102.0,103.0,105.0,4.358898943539929
图书馆站-环线,2024-07-20,8:00-9:00,679,813,1492,31,171,8,2024-07-20 08:00:00,5,1,110.0,102.0,127.66666666666667,37.74034092762447
图书馆站-环线,2024-07-20,9:00-10:00,743,791,1534,33,174,9,2024-07-20 09:00:00,5,1,171.0,110.0,151.66666666666666,36.11555528208485
图书馆站-环线,2024-07-20,10:00-11:00,915,780,1695,34,179,10,2024-07-20 10:00:00,5,1,174.0,171.0,174.66666666666666,4.041451884326596
图书馆站-环线,2024-07-20,11:00-12:00,800,545,1345,34,173,11,2024-07-20 11:00:00,5,1,179.0,174.0,175.33333333333334,3.2145502536633397
图书馆站-环线,2024-07-20,12:00-13:00,925,607,1532,35,175,12,2024-07-20 12:00:00,5,1,173.0,179.0,175.66666666666666,3.055050463302861
图书馆站-环线,2024-07-20,13:00-14:00,833,740,1573,35,177,13,2024-07-20 13:00:00,5,1,175.0,173.0,175.0,1.9999999999984173
图书馆站-环线,2024-07-20,14:00-15:00,760,709,1469,35,175,14,2024-07-20 14:00:00,5,1,177.0,175.0,175.66666666666666,1.154700538376508
图书馆站-环线,2024-07-20,15:00-16:00,790,699,1489,35,175,15,2024-07-20 15:00:00,5,1,175.0,177.0,175.66666666666666,1.154700538376508
图书馆站-环线,2024-07-20,16:00-17:00,989,700,1689,36,179,16,2024-07-20 16:00:00,5,1,175.0,175.0,176.33333333333334,2.3094010767571254
图书馆站-环线,2024-07-20,17:00-18:00,1192,858,2050,36,249,17,2024-07-20 17:00:00,5,1,179.0,175.0,201.0,41.61730409336955
图书馆站-环线,2024-07-20,18:00-19:00,775,861,1636,35,178,18,2024-07-20 18:00:00,5,1,249.0,179.0,202.0,40.70626487409516
图书馆站-环线,2024-07-20,19:00-20:00,494,582,1076,34,171,19,2024-07-20 19:00:00,5,1,178.0,249.0,199.33333333333334,43.154760262725674
图书馆站-环线,2024-07-20,20:00-21:00,329,613,942,33,112,20,2024-07-20 20:00:00,5,1,171.0,178.0,153.66666666666666,36.253735439721616
图书馆站-环线,2024-07-20,21:00-22:00,224,504,728,31,106,21,2024-07-20 21:00:00,5,1,112.0,171.0,129.66666666666666,35.9212100761281
图书馆站-环线,2024-07-20,22:00-23:00,112,356,468,30,105,22,2024-07-20 22:00:00,5,1,106.0,112.0,107.66666666666667,3.7859388971992165
图书馆站-环线,2024-07-20,23:00-24:00,6,133,139,29,102,23,2024-07-20 23:00:00,5,1,105.0,106.0,104.33333333333333,2.0816659994643554
图书馆站-环线,2024-07-21,6:00-7:00,105,25,130,30,103,6,2024-07-21 06:00:00,6,1,102.0,105.0,103.33333333333333,1.5275252316495225
图书馆站-环线,2024-07-21,7:00-8:00,340,429,769,32,106,7,2024-07-21 07:00:00,6,1,103.0,102.0,103.66666666666667,2.0816659994643505
图书馆站-环线,2024-07-21,8:00-9:00,574,749,1323,33,172,8,2024-07-21 08:00:00,6,1,106.0,103.0,127.0,38.9999999999999
图书馆站-环线,2024-07-21,9:00-10:00,679,690,1369,34,173,9,2024-07-21 09:00:00,6,1,172.0,106.0,150.33333333333334,38.397048497681766
图书馆站-环线,2024-07-21,10:00-11:00,728,622,1350,35,174,10,2024-07-21 10:00:00,6,1,173.0,172.0,173.0,0.999999999996021
图书馆站-环线,2024-07-21,11:00-12:00,827,534,1361,38,175,11,2024-07-21 11:00:00,6,1,174.0,173.0,174.0,0.999999999996021
图书馆站-环线,2024-07-21,12:00-13:00,910,520,1430,39,178,12,2024-07-21 12:00:00,6,1,175.0,174.0,175.66666666666666,2.0816659994642253
图书馆站-环线,2024-07-21,13:00-14:00,800,734,1534,39,179,13,2024-07-21 13:00:00,6,1,178.0,175.0,177.33333333333334,2.0816659994642253
图书馆站-环线,2024-07-21,14:00-15:00,718,664,1382,39,178,14,2024-07-21 14:00:00,6,1,179.0,178.0,178.33333333333334,0.5773502691827359
图书馆站-环线,2024-07-21,15:00-16:00,688,776,1464,39,177,15,2024-07-21 15:00:00,6,1,178.0,179.0,178.0,0.999999999996021
图书馆站-环线,2024-07-21,16:00-17:00,767,837,1604,39,179,16,2024-07-21 16:00:00,6,1,177.0,178.0,178.0,0.999999999996021
图书馆站-环线,2024-07-21,17:00-18:00,908,993,1901,38,247,17,2024-07-21 17:00:00,6,1,179.0,177.0,201.0,39.84971769034245
图书馆站-环线,2024-07-21,18:00-19:00,667,722,1389,36,174,18,2024-07-21 18:00:00,6,1,247.0,179.0,200.0,40.779897008207264
图书馆站-环线,2024-07-21,19:00-20:00,436,594,1030,35,172,19,2024-07-21 19:00:00,6,1,174.0,247.0,197.66666666666666,42.73562136360398
图书馆站-环线,2024-07-21,20:00-21:00,349,533,882,34,112,20,2024-07-21 20:00:00,6,1,172.0,174.0,152.66666666666666,35.23256069793004
图书馆站-环线,2024-07-21,21:00-22:00,341,481,822,32,109,21,2024-07-21 21:00:00,6,1,112.0,172.0,131.0,35.5387112878336
图书馆站-环线,2024-07-21,22:00-23:00,91,258,349,31,104,22,2024-07-21 22:00:00,6,1,109.0,112.0,108.33333333333333,4.041451884326281
图书馆站-环线,2024-07-21,23:00-24:00,10,141,151,30,103,23,2024-07-21 23:00:00,6,1,104.0,109.0,105.33333333333333,3.2145502536629333
石油路站-1号线,2024-07-15,8:00-9:00,2099,4779,6878,31,247,8,2024-07-15 08:00:00,0,0,159.0,103.0,169.66666666666666,72.59017380701974
石油路站-1号线,2024-07-15,9:00-10:00,1026,3132,4158,32,229,9,2024-07-15 09:00:00,0,0,247.0,159.0,211.66666666666666,46.490142324296386
石油路站-1号线,2024-07-15,10:00-11:00,651,1391,2042,34,159,10,2024-07-15 10:00:00,0,0,229.0,247.0,211.66666666666666,46.490142324296386
石油路站-1号线,2024-07-15,11:00-12:00,764,1301,2065,35,159,11,2024-07-15 11:00:00,0,0,159.0,229.0,182.33333333333334,40.41451884327382
石油路站-1号线,2024-07-15,12:00-13:00,927,1378,2305,36,162,12,2024-07-15 12:00:00,0,0,159.0,159.0,160.0,1.732050807569271
石油路站-1号线,2024-07-15,13:00-14:00,1168,1393,2561,37,168,13,2024-07-15 13:00:00,0,0,162.0,159.0,163.0,4.582575694955989
石油路站-1号线,2024-07-15,14:00-15:00,1104,1473,2577,37,169,14,2024-07-15 14:00:00,0,0,168.0,162.0,166.33333333333334,3.78593889720036
石油路站-1号线,2024-07-15,15:00-16:00,1257,1412,2669,37,175,15,2024-07-15 15:00:00,0,0,169.0,168.0,170.66666666666666,3.78593889720036
石油路站-1号线,2024-07-15,16:00-17:00,1579,1467,3046,37,224,16,2024-07-15 16:00:00,0,0,175.0,169.0,189.33333333333334,30.171730698343016
石油路站-1号线,2024-07-15,17:00-18:00,2855,2409,5264,36,234,17,2024-07-15 17:00:00,0,0,224.0,175.0,211.0,31.575306807693902
石油路站-1号线,2024-07-15,18:00-19:00,4036,3510,7546,35,246,18,2024-07-15 18:00:00,0,0,234.0,224.0,234.66666666666666,11.015141094572249
石油路站-1号线,2024-07-15,19:00-20:00,2191,1782,3973,35,227,19,2024-07-15 19:00:00,0,0,246.0,234.0,235.66666666666666,9.609023536933101
石油路站-1号线,2024-07-15,20:00-21:00,1923,897,2820,33,179,20,2024-07-15 20:00:00,0,0,227.0,246.0,217.33333333333334,34.53018003621375
石油路站-1号线,2024-07-15,21:00-22:00,1793,589,2382,31,160,21,2024-07-15 21:00:00,0,0,179.0,227.0,188.66666666666666,34.53018003621375
石油路站-1号线,2024-07-15,22:00-23:00,1317,381,1698,29,106,22,2024-07-15 22:00:00,0,0,160.0,179.0,148.33333333333334,37.87259343289465
石油路站-1号线,2024-07-15,23:00-24:00,88,103,191,28,101,23,2024-07-15 23:00:00,0,0,106.0,160.0,122.33333333333333,32.715949219506605
石油路站-1号线,2024-07-16,6:00-7:00,356,42,398,29,103,6,2024-07-16 06:00:00,1,0,101.0,106.0,103.33333333333333,2.516611478423854
石油路站-1号线,2024-07-16,7:00-8:00,1250,736,1986,31,110,7,2024-07-16 07:00:00,1,0,103.0,101.0,104.66666666666667,4.72581562625275
石油路站-1号线,2024-07-16,8:00-9:00,2064,4477,6541,32,243,8,2024-07-16 08:00:00,1,0,110.0,103.0,152.0,78.88599368709252
石油路站-1号线,2024-07-16,9:00-10:00,1017,3172,4189,34,231,9,2024-07-16 09:00:00,1,0,243.0,110.0,194.66666666666666,73.56856212631408
石油路站-1号线,2024-07-16,10:00-11:00,779,1373,2152,35,161,10,2024-07-16 10:00:00,1,0,231.0,243.0,211.66666666666666,44.28694314731301
石油路站-1号线,2024-07-16,11:00-12:00,667,1321,1988,36,112,11,2024-07-16 11:00:00,1,0,161.0,231.0,168.0,59.80802621722273
石油路站-1号线,2024-07-16,12:00-13:00,802,1310,2112,37,161,12,2024-07-16 12:00:00,1,0,112.0,161.0,144.66666666666666,28.29016319029169
石油路站-1号线,2024-07-16,13:00-14:00,1167,1482,2649,38,171,13,2024-07-16 13:00:00,1,0,161.0,112.0,148.0,31.57530680769391
石油路站-1号线,2024-07-16,14:00-15:00,1154,1283,2437,38,167,14,2024-07-16 14:00:00,1,0,171.0,161.0,166.33333333333334,5.033222956847301
石油路站-1号线,2024-07-16,15:00-16:00,1313,1344,2657,38,175,15,2024-07-16 15:00:00,1,0,167.0,171.0,171.0,4.000000000000165
石油路站-1号线,2024-07-16,16:00-17:00,1502,1479,2981,38,183,16,2024-07-16 16:00:00,1,0,175.0,167.0,175.0,8.000000000000082
石油路站-1号线,2024-07-16,17:00-18:00,2852,2263,5115,39,239,17,2024-07-16 17:00:00,1,0,183.0,175.0,199.0,34.871191548325406
石油路站-1号线,2024-07-16,18:00-19:00,3806,3470,7276,38,246,18,2024-07-16 18:00:00,1,0,239.0,183.0,222.66666666666666,34.53018003621375
石油路站-1号线,2024-07-16,19:00-20:00,2036,1595,3631,37,226,19,2024-07-16 19:00:00,1,0,246.0,239.0,237.0,10.14889156509231
石油路站-1号线,2024-07-16,20:00-21:00,1989,895,2884,36,183,20,2024-07-16 20:00:00,1,0,226.0,246.0,218.33333333333334,32.192131543800194
石油路站-1号线,2024-07-16,21:00-22:00,1725,619,2344,34,162,21,2024-07-16 21:00:00,1,0,183.0,226.0,190.33333333333334,32.62412195497889
石油路站-1号线,2024-07-16,22:00-23:00,1304,477,1781,32,106,22,2024-07-16 22:00:00,1,0,162.0,183.0,150.33333333333334,39.803684921541326
石油路站-1号线,2024-07-16,23:00-24:00,87,75,162,29,100,23,2024-07-16 23:00:00,1,0,106.0,162.0,122.66666666666667,34.19551627528581
石油路站-1号线,2024-07-17,6:00-7:00,358,48,406,29,103,6,2024-07-17 06:00:00,2,0,100.0,106.0,103.0,3.0000000000005684
石油路站-1号线,2024-07-17,7:00-8:00,1267,726,1993,30,109,7,2024-07-17 07:00:00,2,0,103.0,100.0,104.0,4.582575694956212
石油路站-1号线,2024-07-17,8:00-9:00,2048,4481,6529,31,243,8,2024-07-17 08:00:00,2,0,109.0,103.0,151.66666666666666,79.15385861304134
石油路站-1号线,2024-07-17,9:00-10:00,1038,3150,4188,32,229,9,2024-07-17 09:00:00,2,0,243.0,109.0,193.66666666666666,73.65686209263424
石油路站-1号线,2024-07-17,10:00-11:00,730,1353,2083,33,159,10,2024-07-17 10:00:00,2,0,229.0,243.0,210.33333333333334,45.003703551300525
石油路站-1号线,2024-07-17,11:00-12:00,663,1257,1920,34,109,11,2024-07-17 11:00:00,2,0,159.0,229.0,165.66666666666666,60.27713773341713
石油路站-1号线,2024-07-17,12:00-13:00,880,1407,2287,36,162,12,2024-07-17 12:00:00,2,0,109.0,159.0,143.33333333333334,29.77135088190219
石油路站-1号线,2024-07-17,13:00-14:00,1167,1409,2576,37,168,13,2024-07-17 13:00:00,2,0,162.0,109.0,146.33333333333334,32.47049943153536
石油路站-1号线,2024-07-17,14:00-15:00,1117,1417,2534,37,168,14,2024-07-17 14:00:00,2,0,168.0,162.0,166.0,3.4641016151384436
石油路站-1号线,2024-07-17,15:00-16:00,1244,1283,2527,37,168,15,2024-07-17 15:00:00,2,0,168.0,168.0,168.0,0.0
石油路站-1号线,2024-07-17,16:00-17:00,1464,1614,3078,37,224,16,2024-07-17 16:00:00,2,0,168.0,168.0,186.66666666666666,32.331615074619116
石油路站-1号线,2024-07-17,17:00-18:00,2846,2276,5122,37,237,17,2024-07-17 17:00:00,2,0,224.0,168.0,209.66666666666666,36.665151483845506
石油路站-1号线,2024-07-17,18:00-19:00,3924,3608,7532,36,246,18,2024-07-17 18:00:00,2,0,237.0,224.0,235.66666666666666,11.060440015358289
石油路站-1号线,2024-07-17,19:00-20:00,2098,1510,3608,35,225,19,2024-07-17 19:00:00,2,0,246.0,237.0,236.0,10.535653752853005
石油路站-1号线,2024-07-17,20:00-21:00,1970,877,2847,34,179,20,2024-07-17 20:00:00,2,0,225.0,246.0,216.66666666666666,34.26854728950935
石油路站-1号线,2024-07-17,21:00-22:00,1721,687,2408,32,161,21,2024-07-17 21:00:00,2,0,179.0,225.0,188.33333333333334,33.00505011863092
石油路站-1号线,2024-07-17,22:00-23:00,1324,418,1742,30,106,22,2024-07-17 22:00:00,2,0,161.0,179.0,148.66666666666666,38.030689361794884
石油路站-1号线,2024-07-17,23:00-24:00,82,114,196,29,101,23,2024-07-17 23:00:00,2,0,106.0,161.0,122.66666666666667,33.291640592397044
石油路站-1号线,2024-07-18,6:00-7:00,362,45,407,30,103,6,2024-07-18 06:00:00,3,0,101.0,106.0,103.33333333333333,2.516611478424622
石油路站-1号线,2024-07-18,7:00-8:00,1244,704,1948,31,108,7,2024-07-18 07:00:00,3,0,103.0,101.0,104.0,3.605551275464713
石油路站-1号线,2024-07-18,8:00-9:00,2066,4563,6629,31,243,8,2024-07-18 08:00:00,3,0,108.0,103.0,151.33333333333334,79.42501704962574
石油路站-1号线,2024-07-18,9:00-10:00,974,3008,3982,32,226,9,2024-07-18 09:00:00,3,0,243.0,108.0,192.33333333333334,73.52777253074744
石油路站-1号线,2024-07-18,10:00-11:00,780,1404,2184,33,158,10,2024-07-18 10:00:00,3,0,226.0,243.0,209.0,44.97777228809808
石油路站-1号线,2024-07-18,11:00-12:00,740,1303,2043,34,159,11,2024-07-18 11:00:00,3,0,158.0,226.0,181.0,38.9743505398102
石油路站-1号线,2024-07-18,12:00-13:00,868,1310,2178,35,161,12,2024-07-18 12:00:00,3,0,159.0,158.0,159.33333333333334,1.5275252316531336
石油路站-1号线,2024-07-18,13:00-14:00,1210,1395,2605,36,169,13,2024-07-18 13:00:00,3,0,161.0,159.0,163.0,5.2915026221295225
石油路站-1号线,2024-07-18,14:00-15:00,1177,1452,2629,36,169,14,2024-07-18 14:00:00,3,0,169.0,161.0,166.33333333333334,4.618802153517396
石油路站-1号线,2024-07-18,15:00-16:00,1222,1388,2610,36,169,15,2024-07-18 15:00:00,3,0,169.0,169.0,169.0,0.0
石油路站-1号线,2024-07-18,16:00-17:00,1483,1566,3049,35,224,16,2024-07-18 16:00:00,3,0,169.0,169.0,187.33333333333334,31.754264805429468
石油路站-1号线,2024-07-18,17:00-18:00,2800,2372,5172,35,231,17,2024-07-18 17:00:00,3,0,224.0,169.0,208.0,33.955853692699336
石油路站-1号线,2024-07-18,18:00-19:00,3806,3508,7314,34,245,18,2024-07-18 18:00:00,3,0,231.0,224.0,233.33333333333334,10.692676621563772
石油路站-1号线,2024-07-18,19:00-20:00,2171,1767,3938,33,225,19,2024-07-18 19:00:00,3,0,245.0,231.0,233.66666666666666,10.263202878893914
石油路站-1号线,2024-07-18,20:00-21:00,2104,948,3052,32,222,20,2024-07-18 20:00:00,3,0,225.0,245.0,230.66666666666666,12.503332889007485
石油路站-1号线,2024-07-18,21:00-22:00,1924,705,2629,31,165,21,2024-07-18 21:00:00,3,0,222.0,225.0,204.0,33.808283008753975
石油路站-1号线,2024-07-18,22:00-23:00,1447,428,1875,31,107,22,2024-07-18 22:00:00,3,0,165.0,222.0,164.66666666666666,57.500724633115155
石油路站-1号线,2024-07-18,23:00-24:00,90,107,197,30,101,23,2024-07-18 23:00:00,3,0,107.0,165.0,124.33333333333333,35.34590971149753
石油路站-1号线,2024-07-19,6:00-7:00,386,40,426,30,103,6,2024-07-19 06:00:00,4,0,101.0,107.0,103.66666666666667,3.055050463304154
石油路站-1号线,2024-07-19,7:00-8:00,1259,691,1950,32,110,7,2024-07-19 07:00:00,4,0,103.0,101.0,104.66666666666667,4.725815626252777
石油路站-1号线,2024-07-19,8:00-9:00,2002,4573,6575,33,243,8,2024-07-19 08:00:00,4,0,110.0,103.0,152.0,78.88599368709252
石油路站-1号线,2024-07-19,9:00-10:00,993,3063,4056,34,226,9,2024-07-19 09:00:00,4,0,243.0,110.0,193.0,72.3809367167903
石油路站-1号线,2024-07-19,10:00-11:00,785,1475,2260,35,162,10,2024-07-19 10:00:00,4,0,226.0,243.0,210.33333333333334,42.71221527073181
石油路站-1号线,2024-07-19,11:00-12:00,728,1493,2221,36,162,11,2024-07-19 11:00:00,4,0,162.0,226.0,183.33333333333334,36.95041722813608
石油路站-1号线,2024-07-19,12:00-13:00,896,1631,2527,37,168,12,2024-07-19 12:00:00,4,0,162.0,162.0,164.0,3.4641016151381483
石油路站-1号线,2024-07-19,13:00-14:00,1264,1704,2968,37,183,13,2024-07-19 13:00:00,4,0,168.0,162.0,171.0,10.816653826392095
石油路站-1号线,2024-07-19,14:00-15:00,1205,1578,2783,37,181,14,2024-07-19 14:00:00,4,0,183.0,168.0,177.33333333333334,8.144527815247244
石油路站-1号线,2024-07-19,15:00-16:00,1355,1662,3017,37,224,15,2024-07-19 15:00:00,4,0,181.0,183.0,196.0,24.269322199023247
石油路站-1号线,2024-07-19,16:00-17:00,1841,2115,3956,37,227,16,2024-07-19 16:00:00,4,0,224.0,181.0,210.66666666666666,25.735837529276875
石油路站-1号线,2024-07-19,17:00-18:00,3072,3241,6313,36,244,17,2024-07-19 17:00:00,4,0,227.0,224.0,231.66666666666666,10.785793124909098
石油路站-1号线,2024-07-19,18:00-19:00,4131,5097,9228,34,251,18,2024-07-19 18:00:00,4,0,244.0,227.0,240.66666666666666,12.34233905438254
石油路站-1号线,2024-07-19,19:00-20:00,2490,2700,5190,33,231,19,2024-07-19 19:00:00,4,0,251.0,244.0,242.0,10.14889156509238
石油路站-1号线,2024-07-19,20:00-21:00,2539,1275,3814,32,225,20,2024-07-19 20:00:00,4,0,231.0,251.0,235.66666666666666,13.613718571108208
石油路站-1号线,2024-07-19,21:00-22:00,2739,893,3632,31,223,21,2024-07-19 21:00:00,4,0,225.0,231.0,226.33333333333334,4.16333199893264
石油路站-1号线,2024-07-19,22:00-23:00,2122,597,2719,30,166,22,2024-07-19 22:00:00,4,0,223.0,225.0,204.66666666666666,33.501243758006005
石油路站-1号线,2024-07-19,23:00-24:00,135,144,279,30,101,23,2024-07-19 23:00:00,4,0,166.0,223.0,163.33333333333334,61.043700193659106
石油路站-1号线,2024-07-20,6:00-7:00,215,55,270,29,101,6,2024-07-20 06:00:00,5,1,101.0,166.0,122.66666666666667,37.527767497325726
石油路站-1号线,2024-07-20,7:00-8:00,517,522,1039,30,105,7,2024-07-20 07:00:00,5,1,101.0,101.0,102.33333333333333,2.309401076759342
石油路站-1号线,2024-07-20,8:00-9:00,856,1883,2739,31,166,8,2024-07-20 08:00:00,5,1,105.0,101.0,124.0,36.42801120017402
石油路站-1号线,2024-07-20,9:00-10:00,855,2382,3237,33,223,9,2024-07-20 09:00:00,5,1,166.0,105.0,164.66666666666666,59.011298353225015
石油路站-1号线,2024-07-20,10:00-11:00,903,1955,2858,34,179,10,2024-07-20 10:00:00,5,1,223.0,166.0,189.33333333333334,29.87194893764613
石油路站-1号线,2024-07-20,11:00-12:00,922,2839,3761,34,225,11,2024-07-20 11:00:00,5,1,179.0,223.0,209.0,26.000000000000085
石油路站-1号线,2024-07-20,12:00-13:00,1194,3148,4342,35,233,12,2024-07-20 12:00:00,5,1,225.0,179.0,212.33333333333334,29.143323992525932
石油路站-1号线,2024-07-20,13:00-14:00,1807,3184,4991,35,236,13,2024-07-20 13:00:00,5,1,233.0,225.0,231.33333333333334,5.686240703077674
石油路站-1号线,2024-07-20,14:00-15:00,2108,3696,5804,35,236,14,2024-07-20 14:00:00,5,1,236.0,233.0,235.0,1.7320508075700034
石油路站-1号线,2024-07-20,15:00-16:00,2287,3895,6182,35,241,15,2024-07-20 15:00:00,5,1,236.0,236.0,237.66666666666666,2.8867513459488086
石油路站-1号线,2024-07-20,16:00-17:00,2964,3712,6676,36,245,16,2024-07-20 16:00:00,5,1,241.0,236.0,240.66666666666666,4.509249752823334
石油路站-1号线,2024-07-20,17:00-18:00,3929,4782,8711,36,249,17,2024-07-20 17:00:00,5,1,245.0,241.0,245.0,4.0000000000005
石油路站-1号线,2024-07-20,18:00-19:00,4542,4818,9360,35,254,18,2024-07-20 18:00:00,5,1,249.0,245.0,249.33333333333334,4.509249752823334
石油路站-1号线,2024-07-20,19:00-20:00,4142,2657,6799,34,245,19,2024-07-20 19:00:00,5,1,254.0,249.0,249.33333333333334,4.509249752823334
石油路站-1号线,2024-07-20,20:00-21:00,4460,1530,5990,33,237,20,2024-07-20 20:00:00,5,1,245.0,254.0,245.33333333333334,8.504900548115618
石油路站-1号线,2024-07-20,21:00-22:00,4571,851,5422,31,231,21,2024-07-20 21:00:00,5,1,237.0,245.0,237.66666666666666,7.023769168568779
石油路站-1号线,2024-07-20,22:00-23:00,3867,621,4488,30,232,22,2024-07-20 22:00:00,5,1,231.0,237.0,233.33333333333334,3.214550253664939
石油路站-1号线,2024-07-20,23:00-24:00,262,198,460,29,103,23,2024-07-20 23:00:00,5,1,232.0,231.0,188.66666666666666,74.1911944460617
石油路站-1号线,2024-07-21,6:00-7:00,182,61,243,30,101,6,2024-07-21 06:00:00,6,1,103.0,232.0,145.33333333333334,75.0621964329138
石油路站-1号线,2024-07-21,7:00-8:00,413,422,835,32,105,7,2024-07-21 07:00:00,6,1,101.0,103.0,103.0,2.0000000000009006
石油路站-1号线,2024-07-21,8:00-9:00,709,1200,1909,33,108,8,2024-07-21 08:00:00,6,1,105.0,101.0,104.66666666666667,3.5118845842847457
石油路站-1号线,2024-07-21,9:00-10:00,704,1781,2485,34,164,9,2024-07-21 09:00:00,6,1,108.0,105.0,125.66666666666667,33.23151115031238
石油路站-1号线,2024-07-21,10:00-11:00,734,1656,2390,35,163,10,2024-07-21 10:00:00,6,1,164.0,108.0,145.0,32.04684071792415
石油路站-1号线,2024-07-21,11:00-12:00,794,2201,2995,38,183,11,2024-07-21 11:00:00,6,1,163.0,164.0,170.0,11.269427669584585
石油路站-1号线,2024-07-21,12:00-13:00,1273,2520,3793,39,227,12,2024-07-21 12:00:00,6,1,183.0,163.0,191.0,32.741411087489745
石油路站-1号线,2024-07-21,13:00-14:00,1840,2689,4529,39,236,13,2024-07-21 13:00:00,6,1,227.0,183.0,215.33333333333334,28.360771028540945
石油路站-1号线,2024-07-21,14:00-15:00,1993,2984,4977,39,238,14,2024-07-21 14:00:00,6,1,236.0,227.0,233.66666666666666,5.859465277081623
石油路站-1号线,2024-07-21,15:00-16:00,2157,2972,5129,39,237,15,2024-07-21 15:00:00,6,1,238.0,236.0,237.0,0.9999999999957261
石油路站-1号线,2024-07-21,16:00-17:00,2561,2940,5501,39,236,16,2024-07-21 16:00:00,6,1,237.0,238.0,237.0,0.9999999999957261
石油路站-1号线,2024-07-21,17:00-18:00,3021,3175,6196,38,245,17,2024-07-21 17:00:00,6,1,236.0,237.0,239.33333333333334,4.932882862315354
石油路站-1号线,2024-07-21,18:00-19:00,3393,3020,6413,36,245,18,2024-07-21 18:00:00,6,1,245.0,236.0,242.0,5.196152422705756
石油路站-1号线,2024-07-21,19:00-20:00,3378,1585,4963,35,235,19,2024-07-21 19:00:00,6,1,245.0,245.0,241.66666666666666,5.773502691895481
石油路站-1号线,2024-07-21,20:00-21:00,3521,1061,4582,34,234,20,2024-07-21 20:00:00,6,1,235.0,245.0,238.0,6.082762530297516
石油路站-1号线,2024-07-21,21:00-22:00,2930,737,3667,32,224,21,2024-07-21 21:00:00,6,1,234.0,235.0,231.0,6.082762530297573
石油路站-1号线,2024-07-21,22:00-23:00,1963,500,2463,31,162,22,2024-07-21 22:00:00,6,1,224.0,234.0,206.66666666666666,39.004273270160134
石油路站-1号线,2024-07-21,23:00-24:00,108,128,236,30,101,23,2024-07-21 23:00:00,6,1,162.0,224.0,162.33333333333334,61.50067750304328
